{"cameraMode":{"drawMode":0,"name":"Shaded","section":"Shading Mode"},"sceneLighting":true,"audioPlay":false,"sceneViewState":{"showFog":false,"showMaterialUpdate":false,"showSkybox":false,"showFlares":false,"showImageEffects":false,"showParticleSystems":false},"in2DMode":false,"pivot":{"x":8.250606536865235,"y":1.502924919128418,"z":-3.774853229522705},"rotation":{"x":0.020789101719856263,"y":0.7893631458282471,"z":-0.026766259223222734,"w":0.6130025386810303},"size":7.013551712036133,"orthographic":false}